collected_at,run,global_step,run_progress,train_loss,eval_bpb,mfu,tokens_per_second,total_tokens,drop_fraction,grad_norm
2026-09-15T17:17:07+00:00,hero-ragged_a2a-nccl2307-ep-step81k,108257,0.2774035172235305,1.2024370431900024,0.6459736824035645,23.27684127470537,2735959.930967782,4994736586752.0,0.00011130930347876115,0.6571059823036194
2026-09-15T17:25:50+00:00,hero-mix-996f4891-step108k,108002,0.27675009160770886,1.2329611778259277,,20.77555779482445,2441959.069932462,4982971564032.0,9.446579850081241e-05,0.6021624803543091
2026-09-15T21:32:53+00:00,hero-mix-996f4891-step108k,108710,0.2785643086116371,1.2335823774337769,,23.617895836129946,2776047.484228087,5015636803584.0,0.0001358740370381962,0.6097234487533569
2026-09-16T05:00:25+00:00,hero-nopdl-step108k,109899,0.2816110656987426,1.232496976852417,,23.68087667378476,2783450.251906432,5070494105600.0,8.877208738616018e-05,0.7644768953323364
2026-09-16T11:51:57+00:00,hero-nopdl-step108k,111296,0.2851908130920869,1.2241321802139282,0.6459954977035522,24.14511347018292,2838016.6451054295,5134947975168.0,0.00010304299719405897,0.5174012780189514
2026-09-16T17:10:07+00:00,hero-nopdl-step108k,112373,0.28795057539890995,1.223130464553833,0.6459954977035522,23.850779539247107,2803420.6347679053,5184637894656.0,0.00010851776283798796,0.5917141437530518
2026-09-16T21:28:55+00:00,hero-nopdl-step108k,113250,0.2901978470266572,1.2226876020431519,0.6459954977035522,24.192666464743855,2843606.024101523,5225100345344.0,0.0001088935656077934,0.6732743978500366
2026-09-17T05:02:56+00:00,hero-nopdl-step108k,114556,0.29354441116102203,1.2172064781188965,0.6462509036064148,24.252147031592543,2850597.3699481827,5285355716608.0,0.00011776049028743397,0.5467382073402405
2026-09-17T11:54:29+00:00,hero-nopdl-step108k,115968,0.297162595355297,1.21151864528656,0.6462509036064148,24.19325854649325,2843675.617390539,5350501646336.0,0.00014414920499830535,0.9755408763885498
2026-09-17T17:10:26+00:00,hero-nopdl-step108k,117048,0.29993004502230614,1.215268611907959,0.6455652713775635,24.0653980012418,2828646.888860272,5400329977856.0,9.199401194399053e-05,0.6838297843933105
2026-09-17T21:32:24+00:00,hero-nopdl-step108k,117944,0.3022260032645656,1.2113343477249146,0.6455652713775635,24.077314061040692,2830047.5025328933,5441669038080.0,9.538825940002094e-05,0.6591503620147705
2026-09-18T04:55:33+00:00,hero-nopdl-step108k,119271,0.30562637892023337,1.2157423496246338,0.6455652713775635,22.35267422687821,2627333.335866858,5502893293568.0,0.00012047114697369662,0.6545648574829102
2026-09-18T11:31:30+00:00,hero-nopdl-step108k,120388,0.3084886393628716,1.2181494235992432,0.645601749420166,24.27650355773784,2853460.236039189,5554428706816.0,0.00010054129542726459,0.7471745610237122
2026-09-18T16:35:05+00:00,hero-nopdl-step108k,121431,0.31116127825425177,1.2275080680847168,0.645601749420166,17.09791849463432,2009689.3453969988,5602549956608.0,0.00011625107039104809,0.7462716102600098
2026-09-18T21:03:03+00:00,hero-main-step121638,121933,0.3124476298587319,1.223509430885315,0.645601749420166,24.381464038726975,2865797.291008647,5625710903296.0,8.442207719340469e-05,0.5575432181358337
2026-09-19T04:47:30+00:00,hero-main-step121638,123515,0.31650143113022133,1.234529733657837,0.6453309059143066,24.231774959128494,2848202.8365441603,5698700181504.0,8.324211971326308e-05,0.7338777184486389
2026-09-19T11:15:20+00:00,hero-main-step121638,124733,0.3196224993657928,1.2163127660751343,0.6453309059143066,24.178237224230646,2841910.0111669274,5754895466496.0,9.212287312204188e-05,0.8566816449165344
2026-09-19T15:58:12+00:00,hero-main-step121638,125692,0.32207989217196115,1.2021088600158691,0.6453309059143066,24.151719209978875,2838793.0837631854,5799141179392.0,7.252366931149454e-05,0.8821003437042236
2026-09-19T20:51:51+00:00,hero-main-step121638,126683,0.3246192834867816,1.2194325923919678,0.6442465782165527,23.955003074699174,2815671.0691586975,5844863287296.0,9.820892503767303e-05,0.7340103983879089
2026-09-20T05:04:45+00:00,hero-main-step121638,128355,0.32890370556385506,1.2268404960632324,0.6442465782165527,24.215456772150613,2846284.7968414947,5922004926464.0,7.481427129470941e-05,0.6867371201515198
2026-09-20T11:38:28+00:00,hero-main-step121638,129695,0.3323373931136627,1.2139465808868408,0.6440606713294983,24.30360838631053,2856646.1375984023,5983828967424.0,8.86406297936584e-05,0.7004052400588989
2026-09-20T16:19:32+00:00,hero-main-step121638,130651,0.33478709855964495,1.231135606765747,0.6440606713294983,22.518333960761517,2646804.9810411553,6027936268288.0,6.819217268264654e-05,0.7316864132881165
2026-09-20T20:56:59+00:00,hero-main-step121638,131599,0.3372163043784641,1.1992474794387817,0.6440606713294983,24.142841637703306,2837749.6139150397,6071674470400.0,8.54878488815192e-05,0.7264481782913208
2026-09-21T05:10:26+00:00,hero-main-step121638,133270,0.3414981640021422,1.2114787101745605,0.6433337926864624,24.15427893522718,2839093.9538697,6148769972224.0,7.657768825689952e-05,0.901569664478302
2026-09-21T13:04:09+00:00,hero-main-step121638,134883,0.3456314013288883,1.1985713243484497,0.6433337926864624,24.213723443750617,2846081.061420799,6223189508096.0,9.91037849223975e-05,0.6704176664352417
2026-09-21T22:04:50+00:00,hero-main-step121638,136714,0.35032325349582705,1.2269246578216553,0.6432623863220215,24.321626674287327,2858764.00717303,6307666984960.0,8.87430188330737e-05,0.7099704146385193
2026-09-22T05:11:39+00:00,hero-main-step121638,138152,0.3540080614783819,1.2137943506240845,0.6428996920585632,24.2280874881768,2847769.411207304,6374012485632.0,7.163546979427338e-05,0.7662584185600281
2026-09-22T11:54:03+00:00,hero-main-step121638,139513,0.3574955605494925,1.2198313474655151,0.6428996920585632,24.00998159662024,2822133.244643105,6436805410816.0,0.00014362072177005535,0.753959059715271
2026-09-22T17:06:03+00:00,hero-main-step121638,140568,0.36019894888161724,1.2142391204833984,0.6428996920585632,24.318217125807625,2858363.2488436215,6485480308736.0,0.00011862430608633792,0.7654948830604553
2026-09-22T21:31:03+00:00,hero-main-step121638,141459,0.3624820948568998,1.2157166004180908,0.6426150798797607,24.2496787827137,2850307.251974164,6526588682240.0,7.010606879537755e-05,0.7197728157043457
2026-09-23T04:55:56+00:00,hero-main-step121638,142960,0.36632833740336346,1.210283875465393,0.6426150798797607,24.360415916863438,2863323.2947579897,6595840835584.0,0.0001531839935165463,0.7690873146057129
2026-09-23T11:53:06+00:00,hero-main-step121638,144365,0.3699285844238708,1.2031716108322144,0.6412444710731506,24.052206247713347,2827096.3301462648,6660663803904.0,6.901015612212095e-05,0.6014757752418518
2026-09-23T17:18:35+00:00,hero-main-step121638,145460,0.37273447089181067,1.1921603679656982,0.6412444710731506,23.875365082595266,2806310.419541011,6711184195584.0,8.444488048553467e-05,0.7043893337249756
2026-09-23T21:36:58+00:00,hero-main-step121638,146333,0.3749714927059764,1.206101655960083,0.6412444710731506,24.25016453028673,2850364.3467440554,6751462096896.0,0.00012202978585705613,0.673362672328949
2026-09-24T05:06:04+00:00,hero-fa4sm100-nomask-step146k,147121,0.37699070598153495,1.205311894416809,0.640818178653717,26.69170795450678,3137343.3616176476,6787818323968.0,0.00012677241906975254,0.7634000182151794
2026-09-24T12:00:59+00:00,hero-fa4sm100-nomask-step146k,148759,0.38118800464316555,1.2142003774642944,0.640818178653717,26.704138702580256,3138804.4717502305,6863391293440.0,5.7547720092715636e-05,0.6945658326148987
2026-09-24T17:23:40+00:00,hero-fa4sm100-nomask-step146k,150030,0.3844448829086921,1.2216391563415527,0.6402167677879333,26.67810308410234,3135744.245145904,6922031857664.0,6.585709299101974e-05,0.5583230257034302
2026-09-24T21:37:55+00:00,hero-fa4sm100-nomask-step146k,151036,0.38702271102444324,1.2074698209762573,0.6402167677879333,26.151793218451964,3073881.783366897,6968446025728.0,4.7423284162174575e-05,0.6404241919517517
2026-09-25T05:08:05+00:00,hero-fa4sm100-nomask-step146k,152819,0.3915915654284038,1.2020738124847412,0.6402167677879333,26.579142352849335,3124112.400762374,7050708910080.0,8.843370685071656e-05,0.7238978743553162
2026-09-25T12:01:19+00:00,hero-fa4sm100-nomask-step146k,154452,0.3957760518230575,1.2073076963424683,0.6399980783462524,26.717687050824946,3140396.9446072993,7126051192832.0,6.390227512879805e-05,0.7382581233978271
2026-09-25T17:22:11+00:00,hero-fa4sm100-nomask-step146k,155705,0.3989868059274672,1.2023067474365234,0.6399980783462524,26.689819898290963,3137121.4394894294,7183861284864.0,0.00018009306354956195,0.5876057147979736
2026-09-25T21:42:14+00:00,hero-fa4sm100-nomask-step146k,156724,0.40159794593735826,1.2106733322143555,0.6389088034629822,26.63486930660799,3130662.5469252155,7230875238400.0,0.00010014579377391122,0.7497625350952148
2026-09-26T05:11:47+00:00,hero-fa4sm100-nomask-step146k,158503,0.4061565505277373,1.2131924629211426,0.6389088034629822,26.572261199991882,3123303.590053281,7312953573376.0,8.914879325664404e-05,0.7017068266868591
2026-09-26T11:36:15+00:00,hero-fa4sm100-nomask-step146k,160020,0.410043792328527,1.2053107023239136,0.6387572288513184,26.552346207949817,3120962.7818822064,7382943924224.0,6.384261404023026e-05,0.5934540033340454
2026-09-26T16:32:55+00:00,hero-fa4sm100-nomask-step146k,161193,0.41304955016130646,1.190633773803711,0.6387572288513184,26.60764759902235,3127462.9074067827,7437063028736.0,7.90857117284428e-05,0.8099143505096436
2026-09-26T21:19:45+00:00,hero-fa4sm100-nomask-step146k,162320,0.41593743513789844,1.2044317722320557,0.6378190517425537,26.73059421309649,3141914.0524648777,7489059815424.0,0.0001040198134653496,0.8244724869728088
2026-09-27T05:28:48+00:00,hero-fa4sm100-nomask-step146k,164254,0.42089322000456114,1.1899278163909912,0.6378190517425537,24.879717542966755,2924362.008058365,7578289438720.0,8.823446026354125e-05,0.6738995909690857
2026-09-27T12:15:09+00:00,hero-fa4sm100-nomask-step146k,165513,0.42411934882934316,1.1927647590637207,0.6372508406639099,26.64527789364277,3131885.972248655,7636376354816.0,0.00011133978312665766,0.6418156623840332
2026-09-27T17:06:10+00:00,hero-fa4sm100-nomask-step146k,166659,0.4270559204204474,1.2025909423828125,0.6372508406639099,26.71883451047107,3140531.8170144763,7689249751040.0,0.00010243690375125769,0.8034411072731018
2026-09-27T21:29:13+00:00,hero-fa4sm100-nomask-step146k,167698,0.429718309498246,1.1923303604125977,0.6372508406639099,26.681317046891056,3136122.0143331303,7737186451456.0,8.529407734220678e-05,0.737239420413971
2026-09-28T05:37:46+00:00,hero-fa4sm100-nomask-step146k,169625,0.4346561571911411,1.1914114952087402,0.6363420486450195,26.608578425929956,3127572.3168018046,7826093113344.0,6.237936516602834e-05,0.6509619951248169
2026-09-28T14:15:11+00:00,hero-fa4sm100-nomask-step146k,171664,0.4398809996643186,1.1912927627563477,0.6364511251449585,26.5013643614868,3114970.3756324314,7920167157760.0,0.00016439130360429937,0.7947743535041809
2026-09-28T23:24:19+00:00,hero-fa4sm100-nomask-step146k,173833,0.44543896107889536,1.195817232131958,0.6364511251449585,26.598924661239,3126437.6132969023,8020239056896.0,8.164476038831653e-05,0.4821659326553345
2026-09-29T05:55:06+00:00,hero-fa4sm100-nomask-step146k,175370,0.4493774519475927,1.182687520980835,0.6361219882965088,26.63279121893933,3130418.2884999677,8091152154624.0,0.00012746470218355006,0.7745134830474854
2026-09-29T13:10:04+00:00,hero-fa4sm100-nomask-step146k,177080,0.4537592472536906,1.203809142112732,0.6360006928443909,20.775845548197598,2441992.8924640347,8170047012864.0,7.733877635363376e-05,1.2365493774414062
2026-09-29T22:26:51+00:00,hero-fa4sm100-nomask-step146k,179275,0.4593838324565472,1.1900917291641235,0.6360006928443909,26.161648262106237,3075040.145201212,8271318482944.0,6.017715416171334e-05,0.5834320187568665
2026-09-30T05:45:43+00:00,hero-fa4sm100-nomask-step146k,180999,0.4638015021101804,1.1775493621826172,0.6345961689949036,26.52007173283532,3117169.2400667947,8350859264000.0,0.00014885385153871593,0.5770549178123474
2026-09-30T12:50:03+00:00,hero-fa4sm100-nomask-step146k,182671,0.46808592418725387,1.1806607246398926,0.6345961689949036,26.548041231852366,3120456.7749903174,8428000903168.0,7.753599096428265e-05,0.8608818650245667
2026-09-30T22:25:56+00:00,hero-fa4sm100-nomask-step146k,184929,0.4738719439540193,1.1986711025238037,0.6337718367576599,26.455988981954537,3109636.9535075123,8532179025920.0,6.148247330477743e-05,0.6176626086235046
2026-10-01T06:12:32+00:00,hero-fa4sm100-nomask-step146k,186158,0.47702119917693997,1.1891354322433472,0.6329108476638794,26.54886871298171,3120554.0371225285,8588881821696.0,7.721516444827571e-05,0.6926790475845337
2026-10-01T13:35:52+00:00,hero-fa4sm100-nomask-step146k,187896,0.48147474317810846,1.1863698959350586,0.6329108476638794,25.163839429809094,2957757.694729835,8669068525568.0,8.694889644781749e-05,0.8256437182426453
2026-10-01T22:48:10+00:00,hero-fa4sm100-nomask-step146k,190064,0.48703014213928986,1.1839320659637451,0.632915198802948,26.532597111159152,3118641.4730390348,8769094287360.0,0.00016213479367169467,0.6116641163825989
2026-10-02T05:55:42+00:00,hero-fa4sm100-nomask-step146k,191743,0.49133250139013096,1.1862175464630127,0.632915198802948,26.501149486097077,3114945.119179053,8846558887936.0,4.770911552689292e-05,0.7607648968696594
2026-10-02T12:55:01+00:00,hero-fa4sm100-nomask-step146k,193386,0.4955426123187385,1.1855891942977905,0.6332182884216309,26.347519857602254,3096887.492596014,8922362544128.0,8.742296786019297e-05,0.7172247767448425
2026-10-02T22:23:29+00:00,hero-fa4sm100-nomask-step146k,195245,0.5003062131807477,1.1920472383499146,0.6317711472511292,26.418261946579964,3105202.517757366,9008131866624.0,5.495520026394815e-05,0.6708071231842041
2026-10-03T05:30:34+00:00,hero-fa4sm100-nomask-step146k,196918,0.5045931977112166,1.1767278909683228,0.6317711472511292,26.517299137022164,3116843.349154019,9085319643136.0,0.00011418635646502177,0.9887821674346924
2026-10-03T11:51:15+00:00,hero-fa4sm100-nomask-step146k,197999,0.5073632098316212,1.1792415380477905,0.6316267251968384,26.457121027655372,3109770.014159556,9135194112000.0,4.897396447080554e-05,0.7616481781005859
2026-10-03T21:31:35+00:00,hero-fa4sm100-nomask-step146k,199150,0.5103125936897023,1.181449294090271,0.6316267251968384,26.405167205471674,3103663.3618832566,9188298194944.0,0.00011822118452101043,0.7307915091514587
2026-10-04T06:05:04+00:00,hero-fa4sm100-nomask-step146k,201158,0.515458000107623,1.1741079092025757,0.6306038498878479,26.36158508077192,3098540.718931933,9280941981696.0,0.00011998144063082609,0.9005147218704224
2026-10-04T12:36:11+00:00,hero-fa4sm100-nomask-step146k,202692,0.5193888036161343,1.1808085441589355,0.6306038498878479,26.482411983479842,3112742.713115355,9351716667392.0,6.784171317562912e-05,0.619655191898346
2026-10-04T21:42:03+00:00,hero-fa4sm100-nomask-step146k,204825,0.5248545167084774,1.1701688766479492,0.6301597952842712,26.407115281360348,3103892.338723843,9450127622144.0,5.1347200166095384e-05,0.7824724912643433
2026-10-05T05:58:52+00:00,hero-fa4sm100-nomask-step146k,206774,0.5298487383760708,1.177250862121582,0.6301597952842712,26.427489105928643,3106287.078070198,9540049305600.0,7.875365289774808e-05,0.7524009346961975
2026-10-05T15:03:06+00:00,hero-fa4sm100-nomask-step146k,208902,0.535301639201437,1.169693946838379,0.6293933391571045,24.84760664465272,2920587.693060134,9638229573632.0,8.278802940339753e-05,0.5789429545402527
2026-10-06T00:11:58+00:00,hero-fa4sm100-nomask-step146k,211052,0.5408109140015016,1.1782746315002441,0.6281826496124268,26.383621387971917,3101130.8664873573,9737424863232.0,0.00010322728617624803,0.6848284006118774
2026-10-06T06:36:05+00:00,hero-fa4sm100-nomask-step146k,212562,0.5446802186285237,1.1868940591812134,0.6281826496124268,26.53275162505101,3118659.6346019343,9807092252672.0,0.0001478702055685448,0.5733156204223633
2026-10-06T18:30:23+00:00,hero-fa4sm100-nomask-step146k,215369,0.5518730253093522,1.1804834604263306,0.627345860004425,26.468769670164892,3111139.195603897,9936599777280.0,0.00012663226913322103,0.7098737955093384
2026-10-07T06:13:48+00:00,hero-fa4sm100-nomask-step146k,217910,0.5583842193870099,1.1681320667266846,0.62740558385849,26.48752201011296,3113343.3456474673,10053834768384.0,6.767384933702874e-05,0.6254863142967224
2026-10-07T13:39:29+00:00,hero-fa4sm100-nomask-step146k,219658,0.5628633879221322,1.151647686958313,0.6267194151878357,26.39482850867764,3102448.1514587384,10134482845696.0,7.77619354652636e-05,0.7419402003288269
2026-10-07T23:13:12+00:00,hero-fa4sm100-nomask-step146k,221899,0.5686058459811762,1.1742359399795532,0.6267194151878357,26.512433355229444,3116271.4251605268,10237876633600.0,6.0400558692036256e-05,0.7142366766929626
2026-10-08T06:22:06+00:00,hero-fa4sm100-nomask-step146k,223574,0.5728979554184358,1.1729215383529663,0.6266046762466431,26.37666487660303,3100313.198138805,10315156684800.0,5.521382572072925e-05,0.706296443939209
